﻿<?xml version="1.0" encoding="utf-8"?>
<wm version="1.0" >
	<wmconfig
		supportlanguage="ALL"
		name="wm0506"
		category="weather"
		preview="preview.png"
		port_layout_gravity="bottom|center_horizontal"
		port_margin_bottom="11"
		land_layout_gravity="bottom|center_horizontal"
		land_margin_bottom="11"
		w="140"
		h="140"
		tip_width="140"
		tip_height="140"/>

	<weather  w="140" h="100" layout_gravity="center_horizontal"
		temperaturetext="show" temperaturetextvalue="-" temperaturetextfontsize="21" temperaturetextmarginLeft="76" temperaturetextmarginTop="75"
		temperaturetextfontname="robotolight" temperaturetextshadowcolor="#66000000"
		temperaturetextshadowx="1" temperaturetextshadowy="1" temperaturetextshadowr="1"
		temperaturedu="show" temperatureduw="24" temperatureduh="24"  temperaturedumarginTop="80"  temperaturedumarginLeft="1"
		weatherimage="show" weatherimagevalue="unknown.png" weatherimagelayoutgravity="center_horizontal" weatherimagemarginTop="10" weatherimagew="66" weatherimageh="66"
		/>
		
	<linearlayout  id="time" orientation="vertical" layout_gravity="center_horizontal"  w="140" h="32" marginTop="78">
		<date id="week" marginRight="76" layout_gravity="right" size="11" format="EEEE" fontcolor="#ffffffff"
			shadowcolor="#66000000" shadowx="2" shadowy="2" shadowr="2"/>
		<date id="date" marginRight="76" layout_gravity="right" size="11" marginTop="1" format="systemymd" fontcolor="#ffffffff"
			shadowcolor="#66000000" shadowx="2" shadowy="2" shadowr="2"/>
	</linearlayout>
	
	<image w="2"   h="39"  layout_gravity="center_horizontal" marginTop="73"  pic="line.png"/>
	
	<linearlayout  id="locationlayout" below="time" orientation="horizontal" layout_gravity="center_horizontal">
		<image w="9"   h="14" layout_gravity="center_vertical"  pic="location.png"/>
		<location  id="location1" paddingLeft="6" paddingTop="4" paddingRight="6" paddingBottom="4"  marginLeft="2"  size="12" text="other_locatonwatermark_defaultlocation2"  fontcolor="#ffffffff" shadowcolor="#66000000" shadowx="2" shadowy="2" shadowr="2" ellipsize="END"/>
	</linearlayout>
	
</wm>